{
  "created_at_utc": "2026-03-10T22:37:59.919950+00:00",
  "dataset": "qsar_biodegradation",
  "task_type": "classification",
  "train_test_split": {
    "test_size": 0.2,
    "stratified": true,
    "random_state": 42
  },
  "baselines": [
    {
      "model_name": "logistic_regression",
      "metrics": {
        "accuracy": 0.8625592417061612,
        "macro_f1": 0.8455616970798314,
        "roc_auc": 0.9135814889336016
      }
    },
    {
      "model_name": "random_forest_classifier",
      "metrics": {
        "accuracy": 0.8767772511848341,
        "macro_f1": 0.8529064779064779,
        "roc_auc": 0.9422535211267606
      }
    }
  ],
  "fnn": {
    "model_name": "feedforward_neural_network",
    "metrics": {
      "accuracy": 0.8246445497630331,
      "precision": 0.765625,
      "recall": 0.6901408450704225,
      "f1_score": 0.725925925925926,
      "roc_auc": 0.9025150905432596
    },
    "confusion_matrix_labels": [
      "NRB",
      "RB"
    ],
    "confusion_matrix": [
      [
        125,
        15
      ],
      [
        22,
        49
      ]
    ]
  }
}
